USER_ID,IS_STORY,CAROUSEL_ALBUM_ID,ID,MEDIA_TYPE,MEDIA_PRODUCT_TYPE,CREATED_TIME
17841406083211195,false,,18084561998118210,VIDEO,REELS,2025-12-25 02:00:00.000 Z
17841406083211195,false,,17899593885356407,VIDEO,REELS,2025-12-24 10:06:46.000 Z
17841406083211195,false,,17907723741141853,VIDEO,REELS,2025-12-23 10:34:51.000 Z
17841406083211195,false,18434727382107988,17881711086332164,IMAGE,,2025-12-22 10:35:33.000 Z
17841406083211195,false,18434727382107988,18036765611735149,IMAGE,,2025-12-22 10:35:33.000 Z
17841406083211195,false,18434727382107988,17982568175777715,IMAGE,,2025-12-22 10:35:33.000 Z
17841406083211195,false,,18434727382107988,CAROUSEL_ALBUM,FEED,2025-12-22 10:35:34.000 Z
17841406083211195,false,18434727382107988,18088919435476854,IMAGE,,2025-12-22 10:35:33.000 Z
17841406083211195,false,,18121204051553935,VIDEO,REELS,2025-12-09 10:54:28.000 Z
17841406083211195,false,,18065982482406248,IMAGE,FEED,2025-12-08 10:54:22.000 Z
17841406083211195,false,,18121625578539682,VIDEO,REELS,2025-12-05 10:58:28.000 Z
17841406083211195,false,,18185332525353057,IMAGE,FEED,2025-12-04 10:20:31.000 Z
17841406083211195,false,,18060770678259633,VIDEO,REELS,2025-12-03 11:03:34.000 Z
17841406083211195,false,,17913107163252579,VIDEO,REELS,2025-12-02 10:53:35.000 Z
17841406083211195,false,,18193619215335828,VIDEO,REELS,2025-11-28 10:31:40.000 Z
17841406083211195,false,,17913770298097197,VIDEO,REELS,2025-11-27 10:59:13.000 Z
17841406083211195,false,18379621084153490,18085042100053909,IMAGE,,2025-11-26 11:27:06.000 Z
17841406083211195,false,18379621084153490,18113139928526373,IMAGE,,2025-11-26 11:27:06.000 Z
17841406083211195,false,18379621084153490,18060983372238136,IMAGE,,2025-11-26 11:27:06.000 Z
17841406083211195,false,,18379621084153490,CAROUSEL_ALBUM,FEED,2025-11-26 11:27:08.000 Z
17841406083211195,false,18379621084153490,18021797900604211,IMAGE,,2025-11-26 11:27:06.000 Z
17841406083211195,false,18379621084153490,17968399856830674,IMAGE,,2025-11-26 11:27:06.000 Z
17841406083211195,false,18379621084153490,18123095380513883,IMAGE,,2025-11-26 11:27:06.000 Z
17841406083211195,false,18379621084153490,17969138915825118,IMAGE,,2025-11-26 11:27:06.000 Z
17841406083211195,false,18379621084153490,18049791062401682,IMAGE,,2025-11-26 11:27:06.000 Z
17841406083211195,false,18379621084153490,18441018235100420,IMAGE,,2025-11-26 11:27:06.000 Z
17841406083211195,false,18379621084153490,18408703300190363,IMAGE,,2025-11-26 11:27:06.000 Z
17841406083211195,false,18379621084153490,18060444836248039,IMAGE,,2025-11-26 11:27:06.000 Z
17841406083211195,false,18379621084153490,18069765788605188,IMAGE,,2025-11-26 11:27:06.000 Z
17841406083211195,false,,18350645230204293,VIDEO,REELS,2025-11-21 10:24:18.000 Z
17841406083211195,false,18542660350028506,18095974336877474,IMAGE,,2025-11-24 06:46:24.000 Z
17841406083211195,false,18542660350028506,17930357643139147,IMAGE,,2025-11-24 06:46:24.000 Z
17841406083211195,false,18542660350028506,17933423427108106,IMAGE,,2025-11-24 06:46:24.000 Z
17841406083211195,false,18542660350028506,18192431338335372,IMAGE,,2025-11-24 06:46:24.000 Z
17841406083211195,false,18542660350028506,18027090905758723,IMAGE,,2025-11-24 06:46:24.000 Z
17841406083211195,false,18542660350028506,17986896323869880,IMAGE,,2025-11-24 06:46:24.000 Z
17841406083211195,false,18542660350028506,18540004603039344,IMAGE,,2025-11-24 06:46:24.000 Z
17841406083211195,false,18542660350028506,18315233758301336,IMAGE,,2025-11-24 06:46:24.000 Z
17841406083211195,false,18542660350028506,18028996415765721,IMAGE,,2025-11-24 06:46:24.000 Z
17841406083211195,false,,18542660350028506,CAROUSEL_ALBUM,FEED,2025-11-24 06:46:26.000 Z
17841406083211195,false,18542660350028506,18027041054573369,IMAGE,,2025-11-24 06:46:24.000 Z
17841406083211195,false,18013090022799382,17947357089076191,IMAGE,,2025-12-01 10:48:14.000 Z
17841406083211195,false,18013090022799382,18102404251741863,IMAGE,,2025-12-01 10:48:14.000 Z
17841406083211195,false,18013090022799382,17990377826882884,IMAGE,,2025-12-01 10:48:14.000 Z
17841406083211195,false,18013090022799382,18115053367574960,IMAGE,,2025-12-01 10:48:14.000 Z
17841406083211195,false,,18013090022799382,CAROUSEL_ALBUM,FEED,2025-12-01 10:48:16.000 Z
17841406083211195,false,18013090022799382,18076934320975055,IMAGE,,2025-12-01 10:48:14.000 Z
17841406083211195,false,18074939702337227,17885236179405393,IMAGE,,2025-11-25 11:48:36.000 Z
17841406083211195,false,18074939702337227,18331461544208811,IMAGE,,2025-11-25 11:48:36.000 Z
17841406083211195,false,18074939702337227,18109140493538042,IMAGE,,2025-11-25 11:48:36.000 Z
17841406083211195,false,18074939702337227,17860462548476809,IMAGE,,2025-11-25 11:48:36.000 Z
17841406083211195,false,18074939702337227,17924017320190105,IMAGE,,2025-11-25 11:48:36.000 Z
17841406083211195,false,18074939702337227,18337395460232176,IMAGE,,2025-11-25 11:48:36.000 Z
17841406083211195,false,18074939702337227,17949190014059780,IMAGE,,2025-11-25 11:48:36.000 Z
17841406083211195,false,18074939702337227,18085530239072241,IMAGE,,2025-11-25 11:48:36.000 Z
17841406083211195,false,18074939702337227,18089281030765236,IMAGE,,2025-11-25 11:48:36.000 Z
17841406083211195,false,18074939702337227,18059918378247941,IMAGE,,2025-11-25 11:48:36.000 Z
17841406083211195,false,18074939702337227,17937306303097604,IMAGE,,2025-11-25 11:48:36.000 Z
17841406083211195,false,18074939702337227,17986170392750663,IMAGE,,2025-11-25 11:48:36.000 Z
17841406083211195,false,,18074939702337227,CAROUSEL_ALBUM,FEED,2025-11-25 11:48:39.000 Z
17841406083211195,false,18417563545119574,18069086891595113,IMAGE,,2025-11-06 10:50:39.000 Z
17841406083211195,false,18417563545119574,18021519575596888,IMAGE,,2025-11-06 10:50:39.000 Z
17841406083211195,false,18417563545119574,18031650359526282,IMAGE,,2025-11-06 10:50:39.000 Z
17841406083211195,false,18417563545119574,18325340389213539,IMAGE,,2025-11-06 10:50:39.000 Z
17841406083211195,false,,18417563545119574,CAROUSEL_ALBUM,FEED,2025-11-06 10:50:40.000 Z
17841406083211195,false,18417563545119574,17950565118022799,IMAGE,,2025-11-06 10:50:39.000 Z
17841406083211195,false,18417563545119574,18490694440077901,IMAGE,,2025-11-06 10:50:39.000 Z
17841406083211195,false,18417563545119574,17912915469240868,IMAGE,,2025-11-06 10:50:39.000 Z
17841406083211195,false,,17860209045536075,VIDEO,REELS,2025-11-06 04:27:25.000 Z
17841406083211195,false,,18290996581278969,VIDEO,REELS,2025-11-05 10:12:23.000 Z
17841406083211195,false,,18094357540884759,VIDEO,REELS,2025-11-04 10:03:07.000 Z
17841406083211195,false,,18103909312715023,IMAGE,FEED,2025-11-03 06:57:07.000 Z
17841406083211195,false,,17929361100132075,IMAGE,FEED,2025-10-31 04:30:02.000 Z
17841406083211195,false,,17864788284494070,VIDEO,REELS,2025-10-30 04:50:17.000 Z
17841406083211195,false,,18044310170460807,CAROUSEL_ALBUM,FEED,2025-10-27 04:11:00.000 Z
17841406083211195,false,18044310170460807,17991463445712176,IMAGE,,2025-10-27 04:10:58.000 Z
17841406083211195,false,18044310170460807,18083792488820176,IMAGE,,2025-10-27 04:10:58.000 Z
17841406083211195,false,18044310170460807,18072252865998399,IMAGE,,2025-10-27 04:10:58.000 Z
17841406083211195,false,,18533109061006843,VIDEO,REELS,2025-10-24 04:00:00.000 Z
17841406083211195,false,,17959769967004580,VIDEO,REELS,2025-10-24 09:02:47.000 Z
17841406083211195,false,,18084116245947911,VIDEO,REELS,2025-10-23 04:00:00.000 Z
17841406083211195,false,18049038830663805,17849151999580125,IMAGE,,2025-10-22 04:35:34.000 Z
17841406083211195,false,18049038830663805,18055316441280808,IMAGE,,2025-10-22 04:35:34.000 Z
17841406083211195,false,18049038830663805,18115750057555220,IMAGE,,2025-10-22 04:35:34.000 Z
17841406083211195,false,,18049038830663805,CAROUSEL_ALBUM,FEED,2025-10-22 04:35:35.000 Z
17841406083211195,false,18049038830663805,17882597397280884,IMAGE,,2025-10-22 04:35:34.000 Z
17841406083211195,false,,17924941134119482,IMAGE,FEED,2025-10-20 11:07:48.000 Z
17841406083211195,false,,17911573716233617,VIDEO,REELS,2025-10-17 11:22:00.000 Z
17841406083211195,false,,17880881298405608,IMAGE,FEED,2025-10-16 10:41:53.000 Z
17841406083211195,false,,17946601878027054,IMAGE,FEED,2025-10-13 10:58:54.000 Z
17841406083211195,false,,17917450587191415,VIDEO,REELS,2025-10-10 11:02:50.000 Z
17841406083211195,false,,17859766287514858,IMAGE,FEED,2025-10-09 10:31:09.000 Z
17841406083211195,false,,18093410227696616,VIDEO,REELS,2025-10-08 11:45:50.000 Z
17841406083211195,false,,17990227901890992,IMAGE,FEED,2025-10-06 10:30:41.000 Z
17841406083211195,false,,17889683460226107,VIDEO,REELS,2025-10-03 10:10:00.000 Z
17841406083211195,false,,17933527203008243,VIDEO,REELS,2025-10-01 11:02:32.000 Z
17841406083211195,false,,17894429421301978,VIDEO,REELS,2025-09-23 10:46:40.000 Z
17841406083211195,false,,17986988660853570,VIDEO,REELS,2025-09-17 10:56:47.000 Z
17841406083211195,false,,18085583707881480,VIDEO,REELS,2025-09-11 05:02:03.000 Z
17841406083211195,false,18177056026349452,17921096358118892,IMAGE,,2025-09-15 10:36:15.000 Z
17841406083211195,false,,17895800883313218,VIDEO,REELS,2025-09-26 11:02:18.000 Z
17841406083211195,false,18177056026349452,18398615683142984,IMAGE,,2025-09-15 10:36:14.000 Z
17841406083211195,false,,18101321959719715,CAROUSEL_ALBUM,FEED,2025-09-22 10:44:11.000 Z
17841406083211195,false,,18075396701291078,IMAGE,FEED,2025-09-08 10:40:19.000 Z
17841406083211195,false,,17870010567428981,IMAGE,FEED,2025-09-05 02:43:32.000 Z
17841406083211195,false,,18151036468398383,VIDEO,REELS,2025-09-26 03:03:37.000 Z
17841406083211195,false,18101321959719715,18070114126950872,IMAGE,,2025-09-22 10:44:10.000 Z
17841406083211195,false,,18055231754234782,VIDEO,REELS,2025-09-30 10:48:25.000 Z
17841406083211195,false,,18008368910627970,VIDEO,REELS,2025-09-19 10:16:30.000 Z
17841406083211195,false,,17939974271935930,VIDEO,REELS,2025-09-09 10:48:11.000 Z
17841406083211195,false,,18177056026349452,CAROUSEL_ALBUM,FEED,2025-09-15 10:36:15.000 Z
17841406083211195,false,18101321959719715,17946711936020607,IMAGE,,2025-09-22 10:44:10.000 Z
17841406083211195,false,,18136812985442053,VIDEO,REELS,2025-09-16 10:14:38.000 Z
17841406083211195,false,,17844703083547028,VIDEO,REELS,2025-08-29 07:58:40.000 Z
17841406083211195,false,,18372088303197088,VIDEO,REELS,2025-08-28 10:27:29.000 Z
17841406083211195,false,,18352415248090905,VIDEO,REELS,2025-08-27 08:09:15.000 Z
17841406083211195,false,,17971505738929895,VIDEO,REELS,2025-08-26 09:59:35.000 Z
17841406083211195,false,18416080381110837,18051740579399914,IMAGE,,2025-08-25 09:57:23.000 Z
17841406083211195,false,18416080381110837,18101541256524789,IMAGE,,2025-08-25 09:57:23.000 Z
17841406083211195,false,,18416080381110837,CAROUSEL_ALBUM,FEED,2025-08-25 09:57:25.000 Z
17841406083211195,false,,17922056850123967,VIDEO,REELS,2025-08-22 10:02:59.000 Z
17841406083211195,false,,17893931574286473,VIDEO,REELS,2025-08-21 10:18:57.000 Z
17841406083211195,false,,18321475009232091,VIDEO,REELS,2025-08-20 09:59:21.000 Z
17841406083211195,false,,18078244150937202,VIDEO,REELS,2025-08-19 10:19:36.000 Z
17841406083211195,false,,17859622296468201,IMAGE,FEED,2025-08-18 10:29:47.000 Z
17841406083211195,false,,17856758961483023,IMAGE,FEED,2025-08-17 03:23:06.000 Z
17841406083211195,false,,18036135668680206,VIDEO,REELS,2025-08-15 10:06:42.000 Z
17841406083211195,false,,18034513877480479,VIDEO,REELS,2025-08-14 10:16:13.000 Z
17841406083211195,false,,18325776157228370,VIDEO,REELS,2025-08-13 10:22:21.000 Z
17841406083211195,false,,17940198845918321,VIDEO,REELS,2025-08-12 10:18:48.000 Z
17841406083211195,false,,18082545436896714,IMAGE,FEED,2025-08-11 10:17:28.000 Z
17841406083211195,false,,17861077962453433,VIDEO,REELS,2025-08-07 10:27:51.000 Z
17841406083211195,false,,18140390884423368,VIDEO,REELS,2025-08-06 10:12:01.000 Z
17841406083211195,false,,18049590986216693,VIDEO,REELS,2025-08-01 09:45:39.000 Z
17841406083211195,false,,17887588011332233,VIDEO,REELS,2025-07-31 10:31:42.000 Z
17841406083211195,false,,18134003398438876,IMAGE,FEED,2025-07-30 02:12:43.000 Z
17841406083211195,false,,18095918563559224,VIDEO,REELS,2025-07-30 10:07:51.000 Z
17841406083211195,false,,17866660158425987,VIDEO,REELS,2025-07-29 09:58:17.000 Z
17841406083211195,false,,18052000880425015,VIDEO,REELS,2025-07-25 09:56:14.000 Z
17841406083211195,false,,18312604237240001,VIDEO,REELS,2025-07-24 06:25:25.000 Z
17841406083211195,false,,18059482220367854,VIDEO,REELS,2025-07-22 10:09:57.000 Z
17841406083211195,false,,18037481294400467,VIDEO,REELS,2025-07-18 10:38:13.000 Z
17841406083211195,false,,17889040947297453,VIDEO,REELS,2025-07-17 10:10:56.000 Z
17841406083211195,false,,18075033052942423,VIDEO,REELS,2025-07-16 10:28:16.000 Z
17841406083211195,false,,18084342202817073,VIDEO,REELS,2025-07-15 10:28:45.000 Z
17841406083211195,false,,17859415839449085,IMAGE,FEED,2025-07-14 10:13:52.000 Z
17841406083211195,false,,17985104759698514,VIDEO,REELS,2025-07-11 10:33:13.000 Z
17841406083211195,false,,17954372066975382,VIDEO,REELS,2025-07-09 10:14:46.000 Z
17841406083211195,false,,17963250335946553,VIDEO,REELS,2025-07-08 10:40:10.000 Z
17841406083211195,false,,18056305271072017,VIDEO,REELS,2025-07-04 09:41:41.000 Z
17841406083211195,false,,17936689199915872,IMAGE,FEED,2025-07-03 10:46:52.000 Z
17841406083211195,false,18346871155085930,18357669445147079,IMAGE,,2025-06-09 10:18:38.000 Z
17841406083211195,false,18141844507401213,17860134405427173,IMAGE,,2025-06-11 10:01:17.000 Z
17841406083211195,false,18360496654199442,17923804086091411,IMAGE,,2025-06-16 10:22:44.000 Z
17841406083211195,false,18014632061734945,17940186033001917,IMAGE,,2025-06-25 10:30:02.000 Z
17841406083211195,false,18141844507401213,18046103162550402,IMAGE,,2025-06-11 10:01:17.000 Z
17841406083211195,false,,18061949480333589,CAROUSEL_ALBUM,FEED,2025-06-23 10:24:19.000 Z
17841406083211195,false,18014632061734945,17859587991439649,IMAGE,,2025-06-25 10:30:02.000 Z
17841406083211195,false,,18362798935179274,VIDEO,REELS,2025-06-24 10:17:12.000 Z
17841406083211195,false,,18049571852188009,VIDEO,REELS,2025-07-01 10:50:14.000 Z
17841406083211195,false,,18069165337953698,IMAGE,FEED,2025-06-13 10:34:39.000 Z
17841406083211195,false,,18032487107437015,IMAGE,FEED,2025-06-20 10:23:42.000 Z
17841406083211195,false,18360496654199442,18463383235079295,IMAGE,,2025-06-16 10:22:44.000 Z
17841406083211195,false,,18141844507401213,CAROUSEL_ALBUM,FEED,2025-06-11 10:01:18.000 Z
17841406083211195,false,18346871155085930,18081960838773217,IMAGE,,2025-06-09 10:18:38.000 Z
17841406083211195,false,,18091440229551063,IMAGE,FEED,2025-06-06 01:08:54.000 Z
17841406083211195,false,18141844507401213,18045228989200596,IMAGE,,2025-06-11 10:01:17.000 Z
17841406083211195,false,18346871155085930,18086978446641502,IMAGE,,2025-06-09 10:18:38.000 Z
17841406083211195,false,18070835374978520,18084136309702529,IMAGE,,2025-06-18 09:52:24.000 Z
17841406083211195,false,18360496654199442,17959442591941273,IMAGE,,2025-06-16 10:22:44.000 Z
17841406083211195,false,,18071782484314217,VIDEO,REELS,2025-06-19 10:14:33.000 Z
17841406083211195,false,,18141630055402170,IMAGE,FEED,2025-06-27 07:13:01.000 Z
17841406083211195,false,,18070835374978520,CAROUSEL_ALBUM,FEED,2025-06-18 09:52:26.000 Z
17841406083211195,false,18061949480333589,17878772232346405,IMAGE,,2025-06-23 10:24:18.000 Z
17841406083211195,false,18367818790182110,17931877085947900,IMAGE,,2025-06-30 10:52:33.000 Z
17841406083211195,false,18070835374978520,18070223572964378,IMAGE,,2025-06-18 09:52:24.000 Z
17841406083211195,false,18014632061734945,18090400660643719,IMAGE,,2025-06-25 10:30:02.000 Z
17841406083211195,false,18061949480333589,18143212024398980,IMAGE,,2025-06-23 10:24:18.000 Z
17841406083211195,false,,18014632061734945,CAROUSEL_ALBUM,FEED,2025-06-25 10:30:03.000 Z
17841406083211195,false,,18045826499207747,VIDEO,REELS,2025-06-17 10:01:25.000 Z
17841406083211195,false,18141844507401213,17913624426121088,IMAGE,,2025-06-11 10:01:17.000 Z
17841406083211195,false,18367818790182110,18056087531340592,IMAGE,,2025-06-30 10:52:33.000 Z
17841406083211195,false,,18346871155085930,CAROUSEL_ALBUM,FEED,2025-06-09 10:18:39.000 Z
17841406083211195,false,18070835374978520,17954418554824353,IMAGE,,2025-06-18 09:52:24.000 Z
17841406083211195,false,18061949480333589,18010185011758663,IMAGE,,2025-06-23 10:24:18.000 Z
17841406083211195,false,,17989174055820076,VIDEO,REELS,2025-06-12 10:23:43.000 Z
17841406083211195,false,18014632061734945,17842421955526659,IMAGE,,2025-06-25 10:30:02.000 Z
17841406083211195,false,,18066259052024081,VIDEO,REELS,2025-06-10 10:25:28.000 Z
17841406083211195,false,,18066535199026371,VIDEO,REELS,2025-07-02 10:27:19.000 Z
17841406083211195,false,,18367818790182110,CAROUSEL_ALBUM,FEED,2025-06-30 10:52:34.000 Z
17841406083211195,false,18367818790182110,18374224204132370,IMAGE,,2025-06-30 10:52:33.000 Z
17841406083211195,false,,18360496654199442,CAROUSEL_ALBUM,FEED,2025-06-16 10:22:45.000 Z
17841406083211195,false,18070835374978520,18069143372055606,IMAGE,,2025-06-18 09:52:24.000 Z
17841406083211195,false,18141844507401213,18071088955948748,IMAGE,,2025-06-11 10:01:17.000 Z
17841406083211195,false,18014632061734945,17933513330934765,IMAGE,,2025-06-25 10:30:02.000 Z
17841406083211195,false,,17868150630401310,VIDEO,REELS,2025-06-26 10:05:51.000 Z
17841406083211195,false,,18033130847391258,VIDEO,REELS,2025-06-05 10:09:15.000 Z
17841406083211195,false,18086601430659179,17882038122309642,IMAGE,,2025-06-04 09:57:54.000 Z
17841406083211195,false,18086601430659179,18343858108087399,IMAGE,,2025-06-04 09:57:54.000 Z
17841406083211195,false,18086601430659179,17881658097311719,IMAGE,,2025-06-04 09:57:54.000 Z
17841406083211195,false,,18086601430659179,CAROUSEL_ALBUM,FEED,2025-06-04 09:57:55.000 Z
17841406083211195,false,18086601430659179,18028758866466472,IMAGE,,2025-06-04 09:57:54.000 Z
17841406083211195,false,18086601430659179,17933919953920907,IMAGE,,2025-06-04 09:57:54.000 Z
17841406083211195,false,,17901552399196712,VIDEO,REELS,2025-06-03 10:07:56.000 Z
17841406083211195,false,18162890200355848,17958875567933792,IMAGE,,2025-06-02 10:14:52.000 Z
17841406083211195,false,18162890200355848,17890871907252512,IMAGE,,2025-06-02 10:14:52.000 Z
17841406083211195,false,,18162890200355848,CAROUSEL_ALBUM,FEED,2025-06-02 10:14:53.000 Z
17841406083211195,false,18162890200355848,18411461797111343,IMAGE,,2025-06-02 10:14:52.000 Z
17841406083211195,false,18162890200355848,17981669321700227,IMAGE,,2025-06-02 10:14:52.000 Z
17841406083211195,false,,17842226628505241,VIDEO,REELS,2025-06-01 10:50:43.000 Z
17841406083211195,false,,17862737160407496,IMAGE,FEED,2025-06-01 05:14:49.000 Z
17841406083211195,false,,17911109046130021,IMAGE,FEED,2025-05-30 10:16:57.000 Z
17841406083211195,false,,18102393424528074,IMAGE,FEED,2025-05-29 00:35:26.000 Z
17841406083211195,false,18165448102349732,18028700060662268,IMAGE,,2025-05-28 10:12:27.000 Z
17841406083211195,false,18165448102349732,17972547767854382,IMAGE,,2025-05-28 10:12:27.000 Z
17841406083211195,false,18165448102349732,17886663468162029,IMAGE,,2025-05-28 10:12:27.000 Z
17841406083211195,false,,18165448102349732,CAROUSEL_ALBUM,FEED,2025-05-28 10:12:28.000 Z
17841406083211195,false,18165448102349732,18030764780666501,IMAGE,,2025-05-28 10:12:27.000 Z
17841406083211195,false,,18048497939454886,VIDEO,REELS,2025-05-27 10:30:50.000 Z
17841406083211195,false,18343619464093030,17864792637397063,IMAGE,,2025-05-26 10:18:20.000 Z
17841406083211195,false,18343619464093030,17868492603380718,IMAGE,,2025-05-26 10:18:20.000 Z
17841406083211195,false,,18343619464093030,CAROUSEL_ALBUM,FEED,2025-05-26 10:18:21.000 Z
17841406083211195,false,18343619464093030,17859198732423344,IMAGE,,2025-05-26 10:18:20.000 Z
17841406083211195,false,18343619464093030,18033492230375614,IMAGE,,2025-05-26 10:18:20.000 Z
17841406083211195,false,,17956393427944820,IMAGE,FEED,2025-05-23 10:17:43.000 Z
17841406083211195,false,,17906079144048854,VIDEO,REELS,2025-05-22 10:21:34.000 Z
17841406083211195,false,18055621760237779,17932177077040312,IMAGE,,2025-05-21 10:13:08.000 Z
17841406083211195,false,,18055621760237779,CAROUSEL_ALBUM,FEED,2025-05-21 10:13:09.000 Z
17841406083211195,false,18055621760237779,18085954672637452,IMAGE,,2025-05-21 10:13:08.000 Z
17841406083211195,false,18055621760237779,18131369926422195,IMAGE,,2025-05-21 10:13:08.000 Z
17841406083211195,false,18055621760237779,18041168591541647,IMAGE,,2025-05-21 10:13:08.000 Z
17841406083211195,false,18058899134468738,18063959018086827,IMAGE,,2025-05-19 10:47:25.000 Z
17841406083211195,false,18058899134468738,18328648912167748,IMAGE,,2025-05-19 10:47:25.000 Z
17841406083211195,false,,18058899134468738,CAROUSEL_ALBUM,FEED,2025-05-19 10:47:26.000 Z
17841406083211195,false,18058899134468738,18063735362510569,IMAGE,,2025-05-19 10:47:25.000 Z
17841406083211195,false,18058899134468738,18100854097481639,IMAGE,,2025-05-19 10:47:25.000 Z
17841406083211195,false,18058899134468738,17930528804934255,IMAGE,,2025-05-19 10:47:25.000 Z
17841406083211195,false,,17884547352288978,IMAGE,FEED,2025-05-16 10:54:36.000 Z
17841406083211195,false,,17985654029672987,VIDEO,REELS,2025-05-15 10:29:18.000 Z
17841406083211195,false,,18027254183673103,CAROUSEL_ALBUM,FEED,2025-05-14 10:01:30.000 Z
17841406083211195,false,18027254183673103,17893452813235103,IMAGE,,2025-05-14 10:01:28.000 Z
17841406083211195,false,18027254183673103,18093087259582675,IMAGE,,2025-05-14 10:01:28.000 Z
17841406083211195,false,18027254183673103,18103910899513307,IMAGE,,2025-05-14 10:01:28.000 Z
17841406083211195,false,,17940633293878207,VIDEO,REELS,2025-05-13 09:55:26.000 Z
17841406083211195,false,,18067589585500171,VIDEO,REELS,2025-05-12 03:28:41.000 Z
17841406083211195,false,17944873124989038,18294984328219610,IMAGE,,2025-05-09 10:10:24.000 Z
17841406083211195,false,17944873124989038,18093345712584559,IMAGE,,2025-05-09 10:10:24.000 Z
17841406083211195,false,,17944873124989038,CAROUSEL_ALBUM,FEED,2025-05-09 10:10:25.000 Z
17841406083211195,false,17944873124989038,18096677773495665,IMAGE,,2025-05-09 10:10:24.000 Z
17841406083211195,false,17944873124989038,18064143721862041,IMAGE,,2025-05-09 10:10:24.000 Z
17841406083211195,false,,18081619552735530,IMAGE,FEED,2025-05-08 10:27:26.000 Z
17841406083211195,false,18054996359002335,18356960818146136,IMAGE,,2025-05-07 10:26:53.000 Z
17841406083211195,false,18054996359002335,17915273244070811,IMAGE,,2025-05-07 10:26:53.000 Z
17841406083211195,false,18054996359002335,18119151301459349,IMAGE,,2025-05-07 10:26:53.000 Z
17841406083211195,false,,18054996359002335,CAROUSEL_ALBUM,FEED,2025-05-07 10:26:54.000 Z
17841406083211195,false,,18359244682182806,CAROUSEL_ALBUM,FEED,2025-05-06 09:54:26.000 Z
17841406083211195,false,18359244682182806,17965180754868988,IMAGE,,2025-05-06 09:54:24.000 Z
17841406083211195,false,18359244682182806,17904662040081457,IMAGE,,2025-05-06 09:54:24.000 Z
17841406083211195,false,18359244682182806,18041927804562762,IMAGE,,2025-05-06 09:54:24.000 Z
17841406083211195,false,18359244682182806,17940034151880450,IMAGE,,2025-05-06 09:54:24.000 Z
17841406083211195,false,18068529049767104,17850008250451746,IMAGE,,2025-05-05 10:33:46.000 Z
17841406083211195,false,18068529049767104,17949431408967068,IMAGE,,2025-05-05 10:33:46.000 Z
17841406083211195,false,,18068529049767104,CAROUSEL_ALBUM,FEED,2025-05-05 10:33:47.000 Z
17841406083211195,false,18068529049767104,18064208578855432,IMAGE,,2025-05-05 10:33:46.000 Z
17841406083211195,false,18068529049767104,17905180638149374,IMAGE,,2025-05-05 10:33:46.000 Z
17841406083211195,false,,18026795795443933,IMAGE,FEED,2025-04-28 10:03:43.000 Z
17841406083211195,false,,18083396680629763,IMAGE,FEED,2025-04-25 07:51:50.000 Z
17841406083211195,false,,18502273330006748,IMAGE,FEED,2025-04-25 10:01:28.000 Z
17841406083211195,false,,18053213516017762,IMAGE,FEED,2025-04-20 11:17:28.000 Z
17841406083211195,false,,18064276193077999,IMAGE,FEED,2025-04-18 03:12:45.000 Z
17841406083211195,false,,18059807362819358,IMAGE,FEED,2025-02-19 10:11:10.000 Z
17841406083211195,false,,18056481467485460,VIDEO,REELS,2025-02-18 09:29:53.000 Z
17841406083211195,false,,18080674669657418,VIDEO,REELS,2025-03-24 11:00:56.000 Z
17841406083211195,false,17944628762953471,18077219845670057,IMAGE,,2025-03-11 10:03:09.000 Z
17841406083211195,false,,17998617203775535,VIDEO,REELS,2025-03-21 10:45:08.000 Z
17841406083211195,false,,18084073909585103,VIDEO,REELS,2025-01-16 10:00:45.000 Z
17841406083211195,false,,18050116397192186,IMAGE,FEED,2025-02-24 10:12:47.000 Z
17841406083211195,false,,18081107632627707,IMAGE,FEED,2025-03-10 10:10:34.000 Z
17841406083211195,false,,18082222909537477,VIDEO,REELS,2025-02-13 10:00:06.000 Z
17841406083211195,false,18055848215141670,18044980385086455,IMAGE,,2025-03-12 05:25:10.000 Z
17841406083211195,false,,17944628762953471,CAROUSEL_ALBUM,FEED,2025-03-11 10:03:11.000 Z
17841406083211195,false,,18079570168572037,IMAGE,FEED,2025-02-25 10:02:01.000 Z
17841406083211195,false,18062792258485004,18130445206416441,IMAGE,,2025-04-16 10:30:27.000 Z
17841406083211195,false,,18032802248437697,VIDEO,REELS,2025-01-03 10:32:20.000 Z
17841406083211195,false,,18158194429329743,VIDEO,REELS,2025-01-17 09:32:12.000 Z
17841406083211195,false,,17848885368350163,VIDEO,REELS,2025-01-10 11:14:05.000 Z
17841406083211195,false,17944628762953471,18059008109504562,IMAGE,,2025-03-11 10:03:09.000 Z
17841406083211195,false,,18052992004986968,VIDEO,REELS,2025-03-26 10:18:10.000 Z
17841406083211195,false,18055848215141670,18073655758698754,IMAGE,,2025-03-12 05:25:10.000 Z
17841406083211195,false,,18024943724470891,CAROUSEL_ALBUM,FEED,2025-04-16 02:03:37.000 Z
17841406083211195,false,,18052120916232078,VIDEO,REELS,2025-03-06 08:24:52.000 Z
17841406083211195,false,,17965073315850008,IMAGE,FEED,2025-03-03 09:57:21.000 Z
17841406083211195,false,18060216470013763,18035706344617071,IMAGE,,2025-03-18 09:53:19.000 Z
17841406083211195,false,18265982956275679,17936015589007941,IMAGE,,2025-04-10 07:25:23.000 Z
17841406083211195,false,,17895530070048957,VIDEO,REELS,2025-01-21 07:41:05.000 Z
17841406083211195,false,18265982956275679,17994407198790846,IMAGE,,2025-04-10 07:25:23.000 Z
17841406083211195,false,,18069799234782701,VIDEO,REELS,2025-01-09 09:27:25.000 Z
17841406083211195,false,18060216470013763,17936033810882613,IMAGE,,2025-03-18 09:53:19.000 Z
17841406083211195,false,18265982956275679,17905220112135756,IMAGE,,2025-04-10 07:25:23.000 Z
17841406083211195,false,,17888806788187469,VIDEO,REELS,2025-02-07 10:06:17.000 Z
17841406083211195,false,18062792258485004,18026020265659876,IMAGE,,2025-04-16 10:30:27.000 Z
17841406083211195,false,,18045767711213307,IMAGE,FEED,2025-02-12 10:19:29.000 Z
17841406083211195,false,,17887840962127280,VIDEO,REELS,2025-03-29 02:27:19.000 Z
17841406083211195,false,,18053198930019208,IMAGE,FEED,2025-01-20 10:30:04.000 Z
17841406083211195,false,,17965889726712130,VIDEO,REELS,2025-01-24 09:48:39.000 Z
17841406083211195,false,18060216470013763,18078034252732765,IMAGE,,2025-03-18 09:53:19.000 Z
17841406083211195,false,,18136970041347028,VIDEO,REELS,2025-01-23 07:58:20.000 Z
17841406083211195,false,18062792258485004,18027093320650233,IMAGE,,2025-04-16 10:30:27.000 Z
17841406083211195,false,,18086929603527746,VIDEO,REELS,2025-01-02 11:15:31.000 Z
17841406083211195,false,,18074662681666225,VIDEO,REELS,2025-02-14 10:10:20.000 Z
17841406083211195,false,,17948363621922785,IMAGE,FEED,2025-01-22 10:14:09.000 Z
17841406083211195,false,,18043167029461456,VIDEO,REELS,2025-02-11 10:04:27.000 Z
17841406083211195,false,17944628762953471,18062004352812220,IMAGE,,2025-03-11 10:03:09.000 Z
17841406083211195,false,,18031421705303574,VIDEO,REELS,2025-02-20 09:59:50.000 Z
17841406083211195,false,,18024186407379705,IMAGE,FEED,2025-02-10 10:36:55.000 Z
17841406083211195,false,,18045922172524492,VIDEO,REELS,2025-03-21 11:17:42.000 Z
17841406083211195,false,,18040049546521340,VIDEO,REELS,2025-01-10 10:33:12.000 Z
17841406083211195,false,,18119125303431298,VIDEO,REELS,2025-02-28 10:09:42.000 Z
17841406083211195,false,,18040963307146429,IMAGE,FEED,2025-03-05 10:23:54.000 Z
17841406083211195,false,,17886419025099351,VIDEO,REELS,2025-01-29 02:16:53.000 Z
17841406083211195,false,18060216470013763,18024122213454568,IMAGE,,2025-03-18 09:53:19.000 Z
17841406083211195,false,18055848215141670,18491249983036750,IMAGE,,2025-03-12 05:25:10.000 Z
17841406083211195,false,17944628762953471,18284847820220787,IMAGE,,2025-03-11 10:03:09.000 Z
17841406083211195,false,,18045430259363630,VIDEO,REELS,2025-03-05 10:22:40.000 Z
17841406083211195,false,,18028828769535124,IMAGE,FEED,2025-01-13 10:05:42.000 Z
17841406083211195,false,,18448709134076616,VIDEO,REELS,2025-04-01 06:18:03.000 Z
17841406083211195,false,18062792258485004,18064413275075753,IMAGE,,2025-04-16 10:30:27.000 Z
17841406083211195,false,17944628762953471,17935642500005222,IMAGE,,2025-03-11 10:03:09.000 Z
17841406083211195,false,,18265982956275679,CAROUSEL_ALBUM,FEED,2025-04-10 07:25:24.000 Z
17841406083211195,false,18062792258485004,18062212679088159,IMAGE,,2025-04-16 10:30:27.000 Z
17841406083211195,false,18062792258485004,18270092215259281,IMAGE,,2025-04-16 10:30:27.000 Z
17841406083211195,false,18024943724470891,17944150892978294,IMAGE,,2025-04-16 02:03:36.000 Z
17841406083211195,false,,18059773012980637,IMAGE,FEED,2025-02-17 10:28:38.000 Z
17841406083211195,false,,18093897268551067,VIDEO,REELS,2025-03-10 10:09:44.000 Z
17841406083211195,false,,18064046788921348,VIDEO,REELS,2025-02-06 10:12:49.000 Z
17841406083211195,false,18062792258485004,18078070855810455,IMAGE,,2025-04-16 10:30:27.000 Z
17841406083211195,false,,18046905782143305,VIDEO,REELS,2025-01-07 02:34:18.000 Z
17841406083211195,false,,17887920825171829,IMAGE,FEED,2025-01-08 09:40:23.000 Z
17841406083211195,false,18055848215141670,17940327959991180,IMAGE,,2025-03-12 05:25:10.000 Z
17841406083211195,false,,18489025354018594,VIDEO,REELS,2025-02-04 10:21:39.000 Z
17841406083211195,false,18024943724470891,18088136347610817,IMAGE,,2025-04-16 02:03:36.000 Z
17841406083211195,false,,17905613616271406,VIDEO,REELS,2025-11-08 04:00:00.000 Z
17841406083211195,false,18062792258485004,18065560252797477,IMAGE,,2025-04-16 10:30:27.000 Z
17841406083211195,false,,17924963684995211,IMAGE,FEED,2025-01-15 09:24:06.000 Z
17841406083211195,false,,18026690885632120,IMAGE,FEED,2025-02-03 10:34:46.000 Z
17841406083211195,false,,18055848215141670,CAROUSEL_ALBUM,FEED,2025-03-12 05:25:12.000 Z
17841406083211195,false,,18129366502394439,VIDEO,REELS,2025-01-30 10:34:13.000 Z
17841406083211195,false,18055848215141670,17927243817020549,IMAGE,,2025-03-12 05:25:10.000 Z
17841406083211195,false,,17844810636406905,VIDEO,REELS,2025-01-28 10:21:55.000 Z
17841406083211195,false,,17952194987776940,VIDEO,REELS,2025-01-14 10:18:16.000 Z
17841406083211195,false,18060216470013763,18039895004187131,IMAGE,,2025-03-18 09:53:19.000 Z
17841406083211195,false,,17899148949108102,VIDEO,REELS,2025-02-21 09:57:39.000 Z
17841406083211195,false,,17897518683165337,VIDEO,REELS,2025-03-14 10:12:13.000 Z
17841406083211195,false,18055848215141670,18022880267446491,IMAGE,,2025-03-12 05:25:10.000 Z
17841406083211195,false,,18062792258485004,CAROUSEL_ALBUM,FEED,2025-04-16 10:30:28.000 Z
17841406083211195,false,17944628762953471,18085045099607336,IMAGE,,2025-03-11 10:03:09.000 Z
17841406083211195,false,,18273737863251720,VIDEO,REELS,2025-03-12 10:10:35.000 Z
17841406083211195,false,18062792258485004,18392968735128863,IMAGE,,2025-04-16 10:30:27.000 Z
17841406083211195,false,,18027801068617498,IMAGE,FEED,2025-01-06 10:07:14.000 Z
17841406083211195,false,,18068335570766383,VIDEO,REELS,2025-01-31 10:16:02.000 Z
17841406083211195,false,,17872994235303066,IMAGE,FEED,2025-03-19 08:26:47.000 Z
17841406083211195,false,,17965915991732026,VIDEO,REELS,2025-02-27 10:20:52.000 Z
17841406083211195,false,,18091723285552475,IMAGE,FEED,2025-02-26 10:14:45.000 Z
17841406083211195,false,,18060216470013763,CAROUSEL_ALBUM,FEED,2025-03-18 09:53:21.000 Z
17841406083211195,false,18024943724470891,18266838097275231,IMAGE,,2025-04-16 02:03:36.000 Z
17841406083211195,false,18060216470013763,17941168568978545,IMAGE,,2025-03-18 09:53:19.000 Z
17841406083211195,false,,18029095007556076,IMAGE,FEED,2025-02-05 10:36:45.000 Z
17841406083211195,false,18062792258485004,18064030195980577,IMAGE,,2025-04-16 10:30:27.000 Z
17841406083211195,false,,18007535549738493,VIDEO,REELS,2025-04-14 10:36:58.000 Z
17841406083211195,false,,17959902752870371,VIDEO,REELS,2025-03-17 10:41:23.000 Z
17841406083211195,false,,17976254039714493,VIDEO,REELS,2025-05-20 10:02:43.000 Z
17841406083211195,false,,18075298909964556,VIDEO,REELS,2025-08-05 10:09:29.000 Z
17841406083211195,false,,18081076531955943,VIDEO,REELS,2025-10-07 11:40:24.000 Z
17841406083211195,false,,17901275202294042,VIDEO,REELS,2025-10-21 04:00:00.000 Z
17841406083211195,false,,18151683745410011,VIDEO,REELS,2025-10-21 11:05:30.000 Z
17841406083211195,false,,18178559005348062,VIDEO,REELS,2025-10-28 10:15:57.000 Z
17841406083211195,false,,18082198726993497,VIDEO,REELS,2025-10-28 08:36:50.000 Z
17841406083211195,false,,18090988828722142,VIDEO,REELS,2025-10-28 04:04:00.000 Z
17841406083211195,false,,18106726252528531,VIDEO,REELS,2025-10-29 07:00:43.000 Z
17841406083211195,false,,18104624002653449,VIDEO,REELS,2025-11-18 06:58:14.000 Z
17841406083211195,false,,18094218961892644,VIDEO,REELS,2025-11-15 05:57:18.000 Z
17841406083211195,false,,18099615145707236,VIDEO,REELS,2025-11-14 04:55:55.000 Z
17841406083211195,false,,18328300786214806,VIDEO,REELS,2025-11-14 13:37:57.000 Z
17841406083211195,false,,18110994934588484,VIDEO,REELS,2025-11-13 12:49:38.000 Z
17841406083211195,false,,18058422143254800,VIDEO,REELS,2025-11-12 12:41:51.000 Z
17841406083211195,false,,17889862656372935,VIDEO,REELS,2025-11-11 04:45:50.000 Z
17841406083211195,false,,17905613616271406,VIDEO,REELS,2025-11-08 04:00:00.000 Z
17841406083211195,false,,18085422343952587,VIDEO,REELS,2025-11-10 10:52:25.000 Z
17841406083211195,false,,18164197135380426,VIDEO,REELS,2025-11-10 07:02:02.000 Z
17841406083211195,false,,18123927580455131,VIDEO,REELS,2025-11-09 04:00:00.000 Z
17841406083211195,false,17900155794324103,18085225510989785,VIDEO,,2025-11-07 08:43:05.000 Z
17841406083211195,false,17900155794324103,18046989074388465,VIDEO,,2025-11-07 08:43:05.000 Z
17841406083211195,false,,17900155794324103,CAROUSEL_ALBUM,FEED,2025-11-07 08:43:06.000 Z
17841406083211195,false,,17930882967000857,VIDEO,REELS,2025-11-07 12:00:00.000 Z
17841406083211195,false,18080597959937061,17928794349161765,IMAGE,,2025-12-11 10:08:00.000 Z
17841406083211195,false,,18080597959937061,CAROUSEL_ALBUM,FEED,2025-12-11 10:08:01.000 Z
17841406083211195,false,18080597959937061,18082384793121989,IMAGE,,2025-12-11 10:08:00.000 Z
17841406083211195,false,18080597959937061,17957418645023822,IMAGE,,2025-12-11 10:08:00.000 Z
17841406083211195,false,18080597959937061,18081744923128819,IMAGE,,2025-12-11 10:08:00.000 Z
17841406083211195,false,,18073658087590121,VIDEO,REELS,2025-12-10 11:01:53.000 Z
17841406083211195,false,,18067704017622837,VIDEO,REELS,2025-12-19 10:09:48.000 Z
17841406083211195,false,18089089099797485,17974803413800162,IMAGE,,2025-12-18 10:34:36.000 Z
17841406083211195,false,,18089089099797485,CAROUSEL_ALBUM,FEED,2025-12-18 10:34:38.000 Z
17841406083211195,false,18089089099797485,18356321056164956,IMAGE,,2025-12-18 10:34:36.000 Z
17841406083211195,false,18089089099797485,17857192221575153,IMAGE,,2025-12-18 10:34:36.000 Z
17841406083211195,false,,18086202659293060,VIDEO,REELS,2025-12-17 10:26:50.000 Z
17841406083211195,false,,17870035194481641,VIDEO,REELS,2025-12-15 10:57:02.000 Z
17841406083211195,false,,18331949995215306,IMAGE,FEED,2025-12-15 05:02:46.000 Z
17841406083211195,false,,18066868592529368,VIDEO,REELS,2025-12-16 10:46:48.000 Z
